<?xml version="1.0" encoding="UTF-8"?>
<project-private xmlns="http://www.netbeans.org/ns/project-private/1">
    <editor-bookmarks xmlns="http://www.netbeans.org/ns/editor-bookmarks/2" lastBookmarkId="0"/>
    <open-files xmlns="http://www.netbeans.org/ns/projectui-open-files/2">
        <group>
            <file>file://homes.student.eecs.qmul.ac.uk/ht304/svn/scratch/Hussein/Maintenancebookings/src/gui/maintenance.java</file>
            <file>file://homes.student.eecs.qmul.ac.uk/ht304/svn/scratch/Hussein/Maintenancebookings/src/gui/Main.java</file>
            <file>file://homes.student.eecs.qmul.ac.uk/ht304/svn/scratch/Hussein/Maintenancebookings/src/gui/Frontview.java</file>
        </group>
    </open-files>
</project-private>
