<?xml version="1.0" encoding="UTF-8"?>
<project-private xmlns="http://www.netbeans.org/ns/project-private/1">
    <editor-bookmarks xmlns="http://www.netbeans.org/ns/editor-bookmarks/2" lastBookmarkId="0"/>
    <open-files xmlns="http://www.netbeans.org/ns/projectui-open-files/2">
        <group>
            <file>file:/Users/LatinoWolofKid/Documents/2ndYear/SOFTWARE%20ENGINEERING%20/Groupproj/UPDATED/Version2.0/Maintenancebookings/src/gui/BookingTable.java</file>
            <file>file:/Users/LatinoWolofKid/Documents/2ndYear/SOFTWARE%20ENGINEERING%20/Groupproj/UPDATED/Version2.0/Maintenancebookings/src/maintenancebookings/Failed.java</file>
            <file>file:/Users/LatinoWolofKid/Documents/2ndYear/SOFTWARE%20ENGINEERING%20/Groupproj/UPDATED/Version2.0/Maintenancebookings/src/gui/MBooking.java</file>
            <file>file:/Users/LatinoWolofKid/Documents/2ndYear/SOFTWARE%20ENGINEERING%20/Groupproj/UPDATED/Version2.0/Maintenancebookings/src/maintenancebookings/Bays.java</file>
            <file>file:/Users/LatinoWolofKid/Documents/2ndYear/SOFTWARE%20ENGINEERING%20/Groupproj/UPDATED/Version2.0/Maintenancebookings/src/gui/OptionBasedSchedule.java</file>
            <file>file:/Users/LatinoWolofKid/Documents/2ndYear/SOFTWARE%20ENGINEERING%20/Groupproj/UPDATED/Version2.0/Maintenancebookings/src/maintenancebookings/Schedule.java</file>
            <file>file:/Users/LatinoWolofKid/Documents/2ndYear/SOFTWARE%20ENGINEERING%20/Groupproj/UPDATED/Version2.0/Maintenancebookings/src/gui/UsageBasedServiceBooking.java</file>
            <file>file:/Users/LatinoWolofKid/Documents/2ndYear/SOFTWARE%20ENGINEERING%20/Groupproj/UPDATED/Version2.0/Maintenancebookings/src/gui/TimeBasedServiceBooking.java</file>
            <file>file:/Users/LatinoWolofKid/Documents/2ndYear/SOFTWARE%20ENGINEERING%20/Groupproj/UPDATED/Version2.0/Maintenancebookings/src/maintenancebookings/Successful.java</file>
            <file>file:/Users/LatinoWolofKid/Documents/2ndYear/SOFTWARE%20ENGINEERING%20/Groupproj/UPDATED/Version2.0/Maintenancebookings/src/gui/Booking.java</file>
            <file>file:/Users/LatinoWolofKid/Documents/2ndYear/SOFTWARE%20ENGINEERING%20/Groupproj/UPDATED/Version2.0/Maintenancebookings/src/maintenancebookings/SMB.java</file>
        </group>
    </open-files>
</project-private>
