<?xml version="1.0" encoding="UTF-8"?>
<project-private xmlns="http://www.netbeans.org/ns/project-private/1">
    <editor-bookmarks xmlns="http://www.netbeans.org/ns/editor-bookmarks/2" lastBookmarkId="0"/>
    <open-files xmlns="http://www.netbeans.org/ns/projectui-open-files/2">
        <group>
            <file>file:/Users/LatinoWolofKid/Documents/2ndYear/SOFTWARE%20ENGINEERING%20/Groupproj/Maintenancebookings/src/maintenancebookings/Timebased.java</file>
            <file>file:/Users/LatinoWolofKid/Documents/2ndYear/SOFTWARE%20ENGINEERING%20/Groupproj/Maintenancebookings/src/maintenancebookings/Usagebased.java</file>
            <file>file:/Users/LatinoWolofKid/Documents/2ndYear/SOFTWARE%20ENGINEERING%20/Groupproj/Maintenancebookings/src/maintenancebookings/Holidays.java</file>
            <file>file:/Users/LatinoWolofKid/Documents/2ndYear/SOFTWARE%20ENGINEERING%20/Groupproj/Maintenancebookings/src/maintenancebookings/holi_bank.java</file>
            <file>file:/Users/LatinoWolofKid/Documents/2ndYear/SOFTWARE%20ENGINEERING%20/Groupproj/Maintenancebookings/src/maintenancebookings/Service.java</file>
            <file>file:/Users/LatinoWolofKid/Documents/2ndYear/SOFTWARE%20ENGINEERING%20/Groupproj/Maintenancebookings/src/maintenancebookings/holi_public.java</file>
            <file>file:/Users/LatinoWolofKid/Documents/2ndYear/SOFTWARE%20ENGINEERING%20/Groupproj/Maintenancebookings/src/maintenancebookings/ScheduleMaintenance.java</file>
            <file>file:/Users/LatinoWolofKid/Documents/2ndYear/SOFTWARE%20ENGINEERING%20/Groupproj/Maintenancebookings/src/maintenancebookings/MoT.java</file>
            <file>file:/Users/LatinoWolofKid/Documents/2ndYear/SOFTWARE%20ENGINEERING%20/Groupproj/Maintenancebookings/src/maintenancebookings/Schedule.java</file>
            <file>file:/Users/LatinoWolofKid/Documents/2ndYear/SOFTWARE%20ENGINEERING%20/Groupproj/Maintenancebookings/src/maintenancebookings/Maintenancebookings.java</file>
            <file>file:/Users/LatinoWolofKid/Documents/2ndYear/SOFTWARE%20ENGINEERING%20/Groupproj/Maintenancebookings/src/maintenancebookings/Bays.java</file>
            <file>file:/Users/LatinoWolofKid/Documents/2ndYear/SOFTWARE%20ENGINEERING%20/Groupproj/Maintenancebookings/src/maintenancebookings/Garage.java</file>
            <file>file:/Users/LatinoWolofKid/Documents/2ndYear/SOFTWARE%20ENGINEERING%20/Groupproj/Maintenancebookings/src/maintenancebookings/Successful.java</file>
        </group>
    </open-files>
</project-private>
